,Hashtags,Frequency
0,CombateSPACE ,47
1,BTSatRoseBowl ,18
2,LivePD ,16
3,GanaCanelo ,12
4,CaneloJacobs ,10
5,MarkGastineau ,10
6,photochallenge ,9
7,NBAPlayoffs ,8
8,SpeakYourselfTour ,8
9,Repost ,5
10,Rockets ,5
11,LawMisusedAgainstHindus ,5
12,pdx911 ,5
13,Sabadou ,4
14,maythe4thbewithyou ,4
15,صباح_الخير ,4
16,DomingoDetremuraSDV ,4
17,DyisIsItManila ,4
18,Canelo ,4
19,DubNation ,4
20,EVDLV ,4
21,のど自慢 ,3
22,はぜ ,3
23,CombateSpace ,3
24,غزه_تحت_القصف ,3
25,AltasHoras ,3
26,MayThe4thBeWithYou ,3
27,Sunrise ,3
28,AristemoGlaadAwards ,3
29,AsapNatinToWithLAYF ,3
30,TeamCanelo ,3
31,DragonBallSuper ,3
32,Los15deCaroenRio ,3
33,MyTwitterAnniversary ,3
34,NY12 ,3
35,imacoconow ,3
36,RunAsOne ,3
37,FueledByAnimo ,3
38,starwars ,3
39,Ramzan2019 ,3
40,StarWarsDay ,2
41,cf97 ,2
42,jakartatimur ,2
43,jfp ,2
44,ModiOnIndiaTV ,2
45,ModiJahanVikasWahan ,2
46,EsUnHorrorEstarConObrador ,2
47,ASAPNatinTo ,2
48,متي_تشعرون_بالراحه ,2
49,LOISABackOnIWANTASAP ,2
50,RachelHeldEvans ,2
51,canelovsjacobs ,2
52,ทรงพระเจริญ ,2
53,พระราชพิธีบรมราชาภิเษก ,2
54,love ,2
55,NBA ,2
56,FriarFaithful ,2
57,AvengersEndgame ,2
58,NP ,2
59,LaDivinaComida ,2
60,dubson7 ,2
61,AusielloPhotos ,2
62,cusco ,2
63,bchsprom ,2
64,Toonami ,2
65,UFCOttawa ,2
66,peckpalitchoke ,2
67,CaneloAlvarez ,2
68,FueraCarrefour ,2
69,GanaAlvarez ,2
70,DerangedDonald ,2
71,سكس ,2
72,VidalEsPeor ,2
73,NovaFotoDoPerfil ,2
74,JaiShriRam ,2
75,Ramadan ,2
76,LGM ,2
77,ThisIsMyCrew ,2
78,GOT ,2
79,لون_يجذبك ,2
80,IfICantHaveYou ,2
81,MLS ,2
82,ガル祭 ,2
83,Peckpalitchoke ,2
84,clickonthelink ,2
85,NCT127x997NOW ,2
86,longjohns ,2
87,mets ,2
88,NewProfilePic ,2
89,LivePd ,2
90,download ,2
91,MyHeroAcademia ,2
92,METVBUCKROGERS ,2
93,MiAniversarioDeTwitter ,2
94,instagram ,2
95,HappyBirthdayHenryCavill ,2
96,PeckPalitchoke ,2
97,Yankees ,2
98,BuckleUp ,2
99,CaneloEsAzteca ,2
100,UFC ,2
101,معصيتي_راحتي ,2
102,IndonesiaCallsHarimanSiregar ,2
103,Endgame ,2
104,giustiimage ,2
105,RamadhanBerkahBagiNegeri ,2
106,igers ,2
107,zanmai ,1
108,صباح_الورد ,1
109,बिहार ,1
110,BoostersEncore ,1
111,Oldenburg ,1
112,HRSUlamaKamiKalianSiapa ,1
113,తూపాకి ,1
114,岩国フレンドシップデー ,1
115,transpacific ,1
116,Ward7 ,1
117,bluesky ,1
118,architecture ,1
119,me ,1
120,BuenDomingo ,1
121,fabricadecasamentos ,1
122,일탈 ,1
123,LOCKTHEMUP ,1
124,LivePdMass ,1
125,picset1 ,1
126,Acunamatatawedding ,1
127,combatespace ,1
128,BoxenoSporTV ,1
129,iloveher ,1
130,NBATwitter ,1
131,iniciativas ,1
132,barba ,1
133,comeonamyhouse ,1
134,ณสุราษฎร์เมืองหอยใหญ่และไข่แดง ,1
135,tsone ,1
136,thankyou ,1
137,uga ,1
138,firstblood ,1
139,lifeisgood ,1
140,USGS08158700 ,1
141,nighto ,1
142,みくメール ,1
143,climateeducation ,1
144,JiwaMagerKuBergetar ,1
145,music ,1
146,IEMSydney ,1
147,laculpaesdecolón ,1
148,UnpopularOpinion ,1
149,核兵器廃絶 ,1
150,SQN ,1
151,bluffblaff ,1
152,売り切れ御免 ,1
153,Ramadan2019 ,1
154,uk ,1
155,Baile ,1
156,FrightClub ,1
157,CarlosRivera ,1
158,Angel_Priya ,1
159,tachisoba ,1
160,pazar ,1
161,angel ,1
162,LugaresQueHablan2019 ,1
163,HIAQatar ,1
164,云台山音乐节 ,1
165,mountainbike ,1
166,okinawa ,1
167,startrek ,1
168,旅行 ,1
169,พระราชพิธีบรมราชาภิเษกพุทธศักราช2562 ,1
170,AvengersEndGame ,1
171,Lista3 ,1
172,五ツ星お米マイスター ,1
173,cupcakes ,1
174,BlizzCon2019 ,1
175,Ñoñada ,1
176,IbaadaYaMilele ,1
177,格闘技 ,1
178,meinbhichowkidaar ,1
179,Dubnation ,1
180,chega ,1
181,OlimpiaTriCampeon ,1
182,wordporn ,1
183,SiSiEsContigo ,1
184,EuOuviASuaVoz ,1
185,พิจูคนแทคซี่ของมิ๊ ,1
186,SneakyArt ,1
187,shemalevip ,1
188,SiSEsContigo ,1
189,airshowday ,1
190,alejandraocasio ,1
191,LivePDNation ,1
192,संग_का_रंग ,1
193,mantrip ,1
194,ไต้หวันแม้มันง่วงมาก ,1
195,NBAPlayoffs2019 ,1
196,ChewieForever ,1
197,1BayanMuna ,1
198,BOOMITOFF ,1
199,クラブマスコット ,1
200,VivekKarwa ,1
201,発達障害 ,1
202,zonasulBrasil ,1
203,CyberRunes ,1
204,TeamMedina ,1
205,협재해수욕장 ,1
206,三重ダービー ,1
207,pinoyalter ,1
208,DictatorDon ,1
209,Cancun ,1
210,琉球ゴールデンキングス ,1
211,JusticiaPorNatacha ,1
212,bowl19 ,1
213,7MayWithNawazSharif ,1
214,GBBO ,1
215,aukaigeneralstore ,1
216,犬バカ部 ,1
217,goldenretriever ,1
218,MVP ,1
219,SOTXSummerGames ,1
220,wonderroo ,1
221,VascularAccessPearls ,1
222,Gira ,1
223,itsverycold ,1
224,buendomingodecambiemos ,1
225,FeestjesZijnLeuk ,1
226,StrengthInNumbers ,1
227,Sephora ,1
228,RewriteTheRules ,1
229,mfm ,1
230,Miraflores ,1
231,Christmas ,1
232,animal ,1
233,デレステ ,1
234,yogalifestyle ,1
235,praiseGod ,1
236,triller ,1
237,JamesHardin ,1
238,豊島区 ,1
239,Cusrise ,1
240,DawnChorus ,1
241,meaningfuljewelry ,1
242,Fahrenheit451 ,1
243,Fubini ,1
244,ClutchCity ,1
245,FresnoNoAltasHoras ,1
246,Homecoming ,1
247,鍼灸 ,1
248,Rocketman ,1
249,indonesia ,1
250,USGS08018500 ,1
251,SoundHound ,1
252,sepaksepakramadhan ,1
253,comida ,1
254,みなと舞鶴とれとれトレイルラン ,1
255,desenhosfofos ,1
256,Gana ,1
257,dartvader ,1
258,quran ,1
259,RESENHATBLVSBLOCO8 ,1
260,pintsforpets ,1
261,OverwatchContenders ,1
262,vocsuperstar ,1
263,KindnessMatters ,1
264,DragRace ,1
265,KentuckyDerby145 ,1
266,bpcouting2019 ,1
267,Number11 ,1
268,جده ,1
269,vcr ,1
270,Ramadhan ,1
271,SNL ,1
272,座長公演 ,1
273,3131さんツアー ,1
274,फिर_एक_बार_मोदी_सरकार ,1
275,maxiepads ,1
276,Darkside ,1
277,BNochesSabado ,1
278,EXO ,1
279,LaSuegra ,1
280,岩国基地 ,1
281,HarGharModiKeSaath ,1
282,اوصف_عنزه_بكلمه ,1
283,hecontrolsthejusticedepartment ,1
284,RedDirtBBQandMusicFest ,1
285,Tuesday ,1
286,بدرية_العتيبي ,1
287,NoAlPuertodeTribugá ,1
288,DAZN ,1
289,Fight ,1
290,naughty ,1
291,CrazyPoultryInk ,1
292,全国鉄むす巡り ,1
293,புறம்போக்குஸ்டாலின் ,1
294,Twitterストーリー ,1
295,rosebowlxbts ,1
296,parana ,1
297,IsraelUnderAttack ,1
298,culturallyresponsiveteqching ,1
299,MarhabanYaaRamadhan ,1
300,بيت_شعري_عن_ألف ,1
301,olavotemrazao ,1
302,Goals ,1
303,GameofThrones ,1
304,dipaulloepaulino ,1
305,Summertime ,1
306,livelifebeautifully ,1
307,Bs2019 ,1
308,さらざんまい ,1
309,ジミー入枝とザダイヤメンズ ,1
310,Dodgers ,1
311,beer ,1
312,WeAreChan ,1
313,PHMidwestGrind ,1
314,의령소바 ,1
315,プレモル ,1
316,宝蔵寺ドクロ御朱印 ,1
317,MatinyaKepakaran ,1
318,Tepetongo ,1
319,BurgerKingSim ,1
320,LaundryMountain ,1
321,unomejorquelospanchos ,1
322,レスト ,1
323,ChangeTanzania ,1
324,صبااااح_الخيررر ,1
325,nhkひるのいこい ,1
326,putinspuppets ,1
327,guitarhero ,1
328,kittylove ,1
329,HoustonDynamo ,1
330,FullCourseManga ,1
331,あなたの診断書が出されたら ,1
332,warriorsvsrockets ,1
333,NBAnaESPN ,1
334,plussizefashion ,1
335,랄라블라 ,1
336,StocktonCa ,1
337,smule ,1
338,MakkalSelvi ,1
339,Tuiteocomohace10años ,1
340,Box ,1
341,DesdeLaCuna ,1
342,21KESPN ,1
343,lasMujeresVamosalaCancha ,1
344,Safemotherhoodrun ,1
345,みさご珈琲 ,1
346,asado ,1
347,HayırlıRamazanlar ,1
348,kny6263 ,1
349,CathydollLovebycathydollseason2 ,1
350,StarWars ,1
351,تطبيق_يهمكم ,1
352,nova ,1
353,EndChildMarriage ,1
354,GrandStrand ,1
355,teamgolden ,1
356,summertime ,1
357,Brewers ,1
358,keytosuccess ,1
359,ReturnoftheJedi ,1
360,caribbeanstrong ,1
361,picoloapp ,1
362,US22 ,1
363,kidsinthekitchen ,1
364,GodzillaXboxSweepstakes ,1
365,多々楽達屋 ,1
366,AlSurDeLaFronteraAlOesteDelSol ,1
367,NRL ,1
368,hıdırellez ,1
369,TipTopイースター ,1
370,小林克也 ,1
371,hollywood ,1
372,ATLpics ,1
373,Goodmorning ,1
374,音楽の街浜松 ,1
375,saynotochina ,1
376,SmokeAtNight ,1
377,watchondazn ,1
378,但馬大仏 ,1
379,dance ,1
380,trump ,1
381,Yiggiy ,1
382,DCU ,1
383,holboxisland ,1
384,TakeDownTheHouse ,1
385,Felicidad ,1
386,aSuKa ,1
387,Baseball ,1
388,SorryNotSorry ,1
389,KarnatakaJobForKannadigas ,1
390,抹茶ミルク ,1
391,Banking ,1
392,maythefourth ,1
393,真顔 ,1
394,RenéValerio ,1
395,true ,1
396,infeliz ,1
397,Callamup ,1
398,IssoéNovo ,1
399,ドライブ ,1
400,tokyo ,1
401,LaDelioValdez ,1
402,VahidePercin ,1
403,apexbrc ,1
404,onfriends ,1
405,いとゴン ,1
406,persijaday ,1
407,NoALaReelección ,1
408,K2SO ,1
409,calgary ,1
410,TNT ,1
411,month ,1
412,royalicingpiping ,1
413,BLACKWIDOW ,1
414,MrLocalTrailerFromTmro ,1
415,नेताजी ,1
416,SWCC ,1
417,獺祭フルーティなシャーベット ,1
418,lifeofkai ,1
419,رمضان ,1
420,fimdovalenight ,1
421,jameshetfield ,1
422,बापूजी ,1
423,snl ,1
424,JonSnow ,1
425,MOT ,1
426,DTOSweepstakes ,1
427,drums ,1
428,USGS08106500 ,1
429,DallasStars ,1
430,OnSaleNow ,1
431,TheBreakfastClub ,1
432,landscapepainting ,1
433,MaligayaSummerBlast2019 ,1
434,everythingisstupid ,1
435,yehtum ,1
436,DisrespectfulHai ,1
437,غزة_تحت_القصف ,1
438,fariseos ,1
439,今日D野営部 ,1
440,anlaymisun ,1
441,RattleOn ,1
442,CMReliefFund ,1
443,グアム ,1
444,standup ,1
445,rockets ,1
446,환영 ,1
447,twininfluencers ,1
448,โป๊ปธนวรรธน์ ,1
449,IronMan ,1
450,bossbabes ,1
451,fiesta ,1
452,trágico ,1
453,日本人ガイド ,1
454,ワセメシ ,1
455,daytimeemmys ,1
456,ihatereplay ,1
457,理子ちゃんの残り香は分からなかったね ,1
458,livepd ,1
459,PRINCeHARRY ,1
460,魚忠フレンズ ,1
461,cowards ,1
462,Army ,1
463,guitars ,1
464,HappyBirthdayChrisBrown ,1
465,Hulk ,1
466,OperationMissPiggy2019 ,1
467,betterlatethannever ,1
468,model ,1
469,SprucedOilerRetreat ,1
470,savingscatcher ,1
471,WorldLaughterDay ,1
472,UFCOttowa ,1
473,Space ,1
474,BigCountryPreps ,1
475,udemy ,1
476,sheldonspereira ,1
477,senioryear ,1
478,sotd ,1
479,HuaweiLeak ,1
480,Abbys ,1
481,CórdobaAR ,1
482,女装男子 ,1
483,Sabado ,1
484,Thor ,1
485,AFLBluesNorth ,1
486,ilovebeer ,1
487,MKのバス旅 ,1
488,getpepped ,1
489,WORKING ,1
490,CRAZYAF ,1
491,BTSSPEAKYOURSELFTOUR ,1
492,lgm ,1
493,prom2k19 ,1
494,Norkadjsessions ,1
495,明日の無料10連ガシャでSSRが出たらリプで来た単語組み合わせた名前で1日過ごします ,1
496,bestfriend ,1
497,EuApoioBolsonaro ,1
498,combateSPace ,1
499,FEUWVT ,1
500,Avengers ,1
501,HistoriaDeUnCrimenColmenares ,1
502,Lazy897 ,1
503,Gurgaon ,1
504,LEGEND ,1
505,altashoras ,1
506,رمضان_المبارك ,1
507,style ,1
508,FoodPorn ,1
509,DiputadosCiudadanos ,1
510,Jus2_FOCUSTOURinSG ,1
511,BeingOnTwitterHasTaughtMe ,1
512,K125 ,1
513,haymateriaprima ,1
514,渋谷の寡婦さん寡夫さん ,1
515,BTS ,1
516,NovaProfilebeck ,1
517,fitment ,1
518,DecodingIndiaElections2019 ,1
519,santiagord ,1
520,overpaid ,1
521,முகமதுவையும்_முஸ்ஸிம்களையும்_அறிவோம் ,1
522,DomingoDeTremuraSDV ,1
523,fiestaranggoli2k19 ,1
524,Astros ,1
525,Dallas ,1
526,ビックマーチ ,1
527,VivoLaFiestaEnElArtista ,1
528,fightnight ,1
529,Shadowhunters ,1
530,Ventura ,1
531,jy ,1
532,令和元年三陸函館旅行 ,1
533,SabemosDeCerveza ,1
534,holy ,1
535,MillMadness2022 ,1
536,フェイシャル ,1
537,roots ,1
538,MyMinis ,1
539,CrewLove ,1
540,brideandgroom ,1
541,platonicrelationships ,1
542,八百屋の兄ちゃん感ある ,1
543,enluteniere ,1
544,銀杏坂 ,1
545,alexandria ,1
546,アイス ,1
547,alltheotherdreams ,1
548,gobama ,1
549,GoAvsGo ,1
550,sintepmt ,1
551,Thanos ,1
552,promoteyawork ,1
553,DBSuper ,1
554,TraitorTrump ,1
555,成長記録 ,1
556,JimiHendrix ,1
557,drummer ,1
558,baby1ramadhan ,1
559,mariyeah ,1
560,ManCity ,1
561,saturasikopi ,1
562,HorseshoeBend ,1
563,loslagos ,1
564,smashbros ,1
565,Ramazan ,1
566,TrocaDeEsposas ,1
567,steverogers ,1
568,myheroacademia ,1
569,SumaKanakala ,1
570,EXOL ,1
571,SarahJessicaParker ,1
572,CHOCADA ,1
573,lucasfilm ,1
574,VMB ,1
575,loveteddy ,1
576,Team_AJ ,1
577,sundayfunday ,1
578,maximumeffort ,1
579,Annapolis ,1
580,アクア ,1
581,大山 ,1
582,5MEI2019 ,1
583,WATCH ,1
584,athensgaartists ,1
585,vancouver ,1
586,scrambleMix ,1
587,Twinings ,1
588,cheers ,1
589,موشک ,1
590,cricket ,1
591,MasFansQueMunca ,1
592,高速も渋滞なし ,1
593,블러쿠션 ,1
594,Montwood ,1
595,allfacts ,1
596,PrisonIndustrialComplex ,1
597,reconstrução ,1
598,موجب_جدة ,1
599,graciasportanto ,1
600,Dubs ,1
601,lawdaygala ,1
602,Tumblr ,1
603,BOAY3 ,1
604,sneakerhead ,1
605,Throwback ,1
606,東口 ,1
607,LigaMXeng ,1
608,名古屋行き急行 ,1
609,令和 ,1
610,IMFC ,1
611,notaalpiedepagina ,1
612,NOMAS ,1
613,cincodemayo ,1
614,twitch ,1
615,alltimefvt ,1
616,TheLastOnesLeft ,1
617,TiraAMãoDoMeuIF ,1
618,गुलाम_मीडिया ,1
619,weekend ,1
620,藁葺き屋根 ,1
621,evolveyourmindandbody ,1
622,nerd ,1
623,ShaqtinAFool ,1
624,AniDrKashinathGhanekar ,1
625,LaborLaunch ,1
626,競走馬名を上げて1RTでもされたら続行 ,1
627,goldenhour ,1
628,FosseVerdonFX ,1
629,bds ,1
630,SelectDugout ,1
631,Deftones ,1
632,shutup ,1
633,l4l ,1
634,baby ,1
635,vegan ,1
636,ガンダムウォーズ ,1
637,direction ,1
638,XolosxFOX ,1
639,meusdesenhos ,1
640,my ,1
641,newhair ,1
642,SpreadLoveAndRespect ,1
643,مشتهيه ,1
644,Setiadukungprabowo ,1
645,iHeartCountry ,1
646,screenshot ,1
647,espn ,1
648,夢眠ねむ ,1
649,festinhadinamicagastativa ,1
650,ばってん少女隊 ,1
651,runbabyrun ,1
652,لا_تقول_لأحد ,1
653,iphonexsmax ,1
654,AVENGERS ,1
655,PokémonGo ,1
656,unionizeidaho ,1
657,GuadalajaraConElCanelo ,1
658,AmazingAlohaYumburger ,1
659,JuntosPorLa20 ,1
660,GanaCANELO ,1
661,hacks ,1
662,دوري_الخطابات_السريه ,1
663,MT2 ,1
664,Najas ,1
665,damnshame ,1
666,PeoplesChampion ,1
667,sexycowboy ,1
668,Jamaica ,1
669,RandomObservation ,1
670,FBRParty ,1
671,feriado ,1
672,ابوي ,1
673,Biodiversity ,1
674,鶴岡八幡宮 ,1
675,ヨコハマカワイイパーク ,1
676,งานของเพื่อนรัก ,1
677,abc7ny ,1
678,Roses ,1
679,明日は試合を見に行くよ ,1
680,USGS08020000 ,1
681,cultivateawe ,1
682,御勅使南公園 ,1
683,HOUvsGSW ,1
684,Currynio ,1
685,SK ,1
686,ホントに歩く中山道 ,1
687,Hours ,1
688,w_1 ,1
689,vuelvesábadosigochilenosque ,1
690,issasweettooth ,1
691,PremierLeague ,1
692,اللهم_صل_على_محمد_وآل_محمد_وعجل_فرجهم ,1
693,Curry ,1
694,رمضان_مبارك ,1
695,RNR9 ,1
696,WhenInJapan ,1
697,FallonTonight ,1
698,Chicago ,1
699,familia ,1
700,jerseyfresh ,1
701,คิดถึงนะ ,1
702,サイクルドリームフェスタ2019 ,1
703,HappyMothersDay ,1
704,BTSxRoseBowl ,1
705,HumbleNFaithful ,1
706,накаблуках ,1
707,berbagivisual ,1
708,ldnews ,1
709,AquiéGalo ,1
710,CrediautosLJ ,1
711,movietime ,1
712,FCPorto ,1
713,villamix ,1
714,DinnerDate ,1
715,karirenge ,1
716,과일소주 ,1
717,ModiHaiTohMumkinHai ,1
718,VERDADESvsVERDADES ,1
719,mykiddowas2weekslate ,1
720,日宝ニューコロンブス ,1
721,specialty_coffee ,1
722,alentemosalasmuchachas ,1
723,IDKpreview ,1
724,viralnews ,1
725,KYDerby145 ,1
726,dodgers ,1
727,facts ,1
728,red ,1
729,ChauCarrefour ,1
730,curry ,1
731,ヴィアティン三重 ,1
732,taeten ,1
733,α6500 ,1
734,gaymexico ,1
735,QuieroMiSPALDING ,1
736,PORMASENCUENTROS ,1
737,freecomicbookday ,1
738,بيت_شعري_عن_الف ,1
739,muerevirgen ,1
740,jonkabatzinn ,1
741,naturephotography ,1
742,EMT ,1
743,SlipNSlide ,1
744,Fracking ,1
745,SundayMotivation ,1
746,beast ,1
747,banknagaripasaraya ,1
748,NRABitch ,1
749,写真を撮るのが好きな人と繋がりたい ,1
750,friends ,1
751,アイスクリーム博覧会 ,1
752,全日本ラリー ,1
753,LINEWEBTOON ,1
754,CherprangBNK48 ,1
755,HTown ,1
756,runtastic ,1
757,evneworleans ,1
758,emptynest ,1
759,freethenipple ,1
760,Şampiyon ,1
761,ミズノオト ,1
762,STUDIOWIZ ,1
763,StayFresh ,1
764,majolyrestaurant ,1
765,SiguemeYTeSigo ,1
766,雲の上郵便局 ,1
767,小樽 ,1
768,XiuweetTime ,1
769,unsignedArtist ,1
770,ramadhan ,1
771,thanksputito ,1
772,CincoDeDrinko ,1
773,いわき ,1
774,Drillingrig ,1
775,shackshack ,1
776,الفطور_والغداء_الاخير ,1
777,BLACKPINK ,1
778,Paz ,1
779,SJvCIN ,1
780,LosHicimosMierda ,1
781,Ready ,1
782,shared ,1
783,SpicyNuggets2020 ,1
784,LaRadioQueSeVe ,1
785,longexposure ,1
786,tamron2875f28 ,1
787,今池遊覧音楽祭 ,1
788,吉 ,1
789,endgame ,1
790,多摩動物公園 ,1
791,売り子イージスシステム ,1
792,Israel ,1
793,ケーパ大阪本店 ,1
794,母親節促銷活動檔期 ,1
795,future ,1
796,Houston ,1
797,TheCurseOfLaLlorona ,1
798,ルパパトキュウ ,1
799,BRILHANTEVICTORIA ,1
800,KalbeJawwad ,1
801,vermontpubandbrewery ,1
802,myguy ,1
803,ホリデイスポーツクラブ ,1
804,worththewait ,1
805,NapoliCagliari ,1
806,Cuba ,1
807,izban ,1
808,Feliz ,1
809,哥麿会 ,1
810,米ぬかまいてるそうな ,1
811,اربعينيه ,1
812,PodemosHablar ,1
813,TaconicStateParkway ,1
814,NOCHECULO ,1
815,ukulele ,1
816,サイクリング ,1
817,東京六大学野球 ,1
818,Mets ,1
819,riconasty ,1
820,MegaMan ,1
821,macauGP ,1
822,rotterdamcity ,1
823,SundayThoughts ,1
824,ウェルモ ,1
825,KyDerby ,1
826,MayThe4thBeWithYou2019 ,1
827,NewEra ,1
828,娘のびのび ,1
829,googlepixel ,1
830,Sad ,1
831,MagnoliaPinoyFavorites ,1
832,itsbadforthegame ,1
833,insta360one ,1
834,thepartystarter ,1
835,الراديو9090_في_رمضان ,1
836,fourseasonsyogis ,1
837,BeerFest ,1
838,МояГодовщинаВТвиттере ,1
839,wtf ,1
840,ShawnOnSNL ,1
841,tumbamos808 ,1
842,SofiasLavishMitzvah ,1
843,クロス ,1
844,finish ,1
845,jardinerosbrgs ,1
846,muellerreport ,1
847,Boyfriend ,1
848,boxing ,1
849,Takeoffonemorething ,1
850,سالب_مكهَ ,1
851,beachsunset ,1
852,insta360video ,1
853,SNS中の人会議 ,1
854,Tennessee ,1
855,こどもの日 ,1
856,Respect ,1
857,miniminicon ,1
858,ad ,1
859,goldenstate ,1
860,リラクゼーション ,1
861,TheCurseOfLlorona ,1
862,魚津 ,1
863,الرياض ,1
864,docanddevo19 ,1
865,RCTID ,1
866,voiceover ,1
867,SanMartinHidalgo ,1
868,80s ,1
869,CountryHouse ,1
870,FitFam ,1
871,神戸がーでん ,1
872,1Pun1Million ,1
873,Puebla ,1
874,MaximumSecurity ,1
875,DelhiGovtSchool ,1
876,humorelegante ,1
877,Ramjan2019 ,1
878,GOT7_SPINNINGTOP ,1
879,パタタ食堂 ,1
880,morketidenproductions ,1
881,هشتاق_التمني ,1
882,wallpaper ,1
883,TKO ,1
884,RetireLindseyGraham2020 ,1
885,大泉町 ,1
886,राठौड़_जी ,1
887,BusinessMgmt ,1
888,Yahooニュースアプリ ,1
889,SambOrnS ,1
890,ApexBrc ,1
891,avengersendgame ,1
892,hagoromo ,1
893,punkrock ,1
894,instalike ,1
895,Enzo ,1
896,山のホテル夢想園 ,1
897,chromehearts ,1
898,AngelineOnASAPNatinTo ,1
899,Giveaway ,1
900,catmom ,1
901,india ,1
902,HappyBirthDay ,1
903,イケメン ,1
904,LFJ2019 ,1
905,سالب_جده ,1
906,Qatar ,1
907,Arya ,1
908,Avs ,1
909,ElGranArtista ,1
910,اعفاء_خليل_جلال ,1
911,SanJosé ,1
912,photo ,1
913,Spokane ,1
914,SaturdayWisdom ,1
915,SabadoDeSeduccion ,1
916,seratatop ,1
917,KejriwalKiKutai ,1
918,ลดโลกเลอะกับผลิต ,1
919,childpornography ,1
920,BFF ,1
921,تصميم ,1
922,MAGAmorons ,1
923,سلطنة_عمان ,1
924,MultiPlatform ,1
925,beeeshas ,1
926,Chayoteros ,1
927,alegre ,1
928,costco ,1
929,سكس_كتابي ,1
930,kunalshiindefc ,1
931,กูให้พวกมึงรู้จักพอเพียง ,1
932,adoradores4 ,1
933,idsayDieHard ,1
934,رمضان_شهر_الخير_يجمعنا ,1
935,JFL ,1
936,fujifilm ,1
937,فلاشات_رمضانية ,1
938,readingtherapy ,1
939,HoustonRockets ,1
940,餃子フェス ,1
